tau,rho,eta,eta_neg_tau,eta_sphere,eta_series,resid_involution,resid_sphere,resid_series,resid_parabolic,u
0,-0.95,0.512820512820513,0.512820512820513,0.512820512820513,0.51283758976048,0,0,1.7076939967442e-05,0,-0.95
0,-0.9,0.526315789473684,0.526315789473684,0.526315789473684,0.526315789807873,0,0,3.34188565709326e-10,0,-0.9
0,-0.85,0.54054054054054,0.54054054054054,0.54054054054054,0.540540540540545,0,0,4.21884749357559e-15,0,-0.85
0,-0.8,0.555555555555556,0.555555555555556,0.555555555555556,0.555555555555555,0,0,3.33066907387547e-16,0,-0.8
0,-0.75,0.571428571428571,0.571428571428571,0.571428571428571,0.571428571428571,0,0,2.22044604925031e-16,0,-0.75
0,-0.7,0.588235294117647,0.588235294117647,0.588235294117647,0.588235294117647,0,0,1.11022302462516e-16,0,-0.7
0,-0.65,0.606060606060606,0.606060606060606,0.606060606060606,0.606060606060606,0,0,2.22044604925031e-16,0,-0.65
0,-0.6,0.625,0.625,0.625,0.625,0,0,1.11022302462516e-16,0,-0.6
0,-0.55,0.645161290322581,0.645161290322581,0.645161290322581,0.64516129032258,0,0,3.33066907387547e-16,0,-0.55
0,-0.5,0.666666666666667,0.666666666666667,0.666666666666667,0.666666666666667,0,0,0,0,-0.5
0,-0.45,0.689655172413793,0.689655172413793,0.689655172413793,0.689655172413793,0,0,1.11022302462516e-16,0,-0.45
0,-0.4,0.714285714285714,0.714285714285714,0.714285714285714,0.714285714285715,0,0,2.22044604925031e-16,0,-0.4
0,-0.35,0.740740740740741,0.740740740740741,0.740740740740741,0.740740740740741,0,0,1.11022302462516e-16,0,-0.35
0,-0.3,0.769230769230769,0.769230769230769,0.769230769230769,0.769230769230769,0,0,0,0,-0.3
0,-0.25,0.8,0.8,0.8,0.8,0,0,0,0,-0.25
0,-0.2,0.833333333333333,0.833333333333333,0.833333333333333,0.833333333333333,0,0,0,0,-0.2
0,-0.15,0.869565217391304,0.869565217391304,0.869565217391304,0.869565217391304,0,0,1.11022302462516e-16,0,-0.15
0,-0.1,0.909090909090909,0.909090909090909,0.909090909090909,0.909090909090909,0,0,2.22044604925031e-16,0,-0.1
0,-0.05,0.952380952380952,0.952380952380952,0.952380952380952,0.952380952380952,0,0,0,0,-0.05
0,0,1,1,1,1,0,0,0,0,0
0,0.05,1.05263157894737,1.05263157894737,1.05263157894737,1.05263157894737,0,0,0,0,0.05
0,0.1,1.11111111111111,1.11111111111111,1.11111111111111,1.11111111111111,0,0,0,0,0.1
0,0.15,1.17647058823529,1.17647058823529,1.17647058823529,1.17647058823529,0,0,2.22044604925031e-16,0,0.15
0,0.2,1.25,1.25,1.25,1.25,0,0,0,0,0.2
0,0.25,1.33333333333333,1.33333333333333,1.33333333333333,1.33333333333333,0,0,0,0,0.25
0,0.3,1.42857142857143,1.42857142857143,1.42857142857143,1.42857142857143,0,0,2.22044604925031e-16,0,0.3
0,0.35,1.53846153846154,1.53846153846154,1.53846153846154,1.53846153846154,0,0,2.22044604925031e-16,0,0.35
0,0.4,1.66666666666667,1.66666666666667,1.66666666666667,1.66666666666667,0,0,4.44089209850063e-16,0,0.4
0,0.45,1.81818181818182,1.81818181818182,1.81818181818182,1.81818181818182,0,0,0,0,0.45
0,0.5,2,2,2,2,0,0,2.22044604925031e-16,0,0.5
0,0.55,2.22222222222222,2.22222222222222,2.22222222222222,2.22222222222222,0,0,8.88178419700125e-16,0,0.55
0,0.6,2.5,2.5,2.5,2.5,0,0,4.44089209850063e-16,0,0.6
0,0.65,2.85714285714286,2.85714285714286,2.85714285714286,2.85714285714286,0,0,0,0,0.65
0,0.7,3.33333333333333,3.33333333333333,3.33333333333333,3.33333333333333,0,0,1.77635683940025e-15,0,0.7
0,0.75,4,4,4,4,0,0,4.44089209850063e-16,0,0.75
0,0.8,5,5,5,5,0,0,8.88178419700125e-16,0,0.8
0,0.85,6.66666666666667,6.66666666666667,6.66666666666667,6.66666666666662,0,0,4.70734562441066e-14,0,0.85
0,0.9,9.99999999999999,9.99999999999999,9.99999999999999,9.99999999365042,0,0,6.34956620615412e-09,0,0.9
0,0.95,20,20,20,19.9993339993412,0,0,0.000666000658743116,0,0.95
0.1,-0.95,0.514067532170661,0.514067532170661,0.514067532170661,0.514073808769806,0,1.11022302462516e-16,6.27659914498313e-06,0.00255858076401161,-0.945269711505565
0.1,-0.9,0.527560088795755,0.527560088795755,0.527560088795755,0.527560088918576,0,0,1.2282119765672e-10,0.00262570559365538,-0.895518674057904
0.1,-0.85,0.541780005329654,0.541780005329654,0.541780005329654,0.541780005329656,0,0,1.77635683940025e-15,0.00269644737817143,-0.845767636610243
0.1,-0.8,0.556787727054563,0.556787727054563,0.556787727054563,0.556787727054563,0,0,2.22044604925031e-16,0.00277110655594814,-0.796016599162581
0.1,-0.75,0.572650587587577,0.572650587587577,0.572650587587578,0.572650587587578,0,1.11022302462516e-16,2.22044604925031e-16,0.00285001778700766,-0.74626556171492
0.1,-0.7,0.58944381889799,0.58944381889799,0.58944381889799,0.58944381889799,0,0,1.11022302462516e-16,0.00293355496837144,-0.696514524267259
0.1,-0.65,0.60725174440885,0.60725174440885,0.60725174440885,0.607251744408849,0,1.11022302462516e-16,2.22044604925031e-16,0.00302213715809418,-0.646763486819597
0.1,-0.6,0.626169195107574,0.626169195107574,0.626169195107574,0.626169195107574,0,0,1.11022302462516e-16,0.00311623560601615,-0.597012449371936
0.1,-0.55,0.646303198860453,0.646303198860453,0.646303198860453,0.646303198860453,0,1.11022302462516e-16,1.11022302462516e-16,0.00321638214019593,-0.547261411924275
0.1,-0.5,0.667775006466653,0.667775006466653,0.667775006466653,0.667775006466653,0,0,2.22044604925031e-16,0.00332317922412784,-0.497510374476613
0.1,-0.45,0.690722535454111,0.690722535454111,0.690722535454111,0.690722535454111,0,0,0,0.00343731208641296,-0.447759337028952
0.1,-0.4,0.715303335680843,0.715303335680843,0.715303335680843,0.715303335680843,0,0,0,0.00355956343884967,-0.398008299581291
0.1,-0.35,0.741698211524921,0.741698211524921,0.741698211524921,0.741698211524921,0,1.11022302462516e-16,1.11022302462516e-16,0.00369083145112059,-0.348257262133629
0.1,-0.3,0.770115676759148,0.770115676759148,0.770115676759148,0.770115676759148,0,0,2.22044604925031e-16,0.00383215185493302,-0.298506224685968
0.1,-0.25,0.800797474332465,0.800797474332465,0.800797474332465,0.800797474332465,0,1.11022302462516e-16,0,0.0039847253284806,-0.248755187238307
0.1,-0.2,0.834025470366059,0.834025470366059,0.834025470366059,0.834025470366059,0,1.11022302462516e-16,4.44089209850063e-16,0.00414995169386012,-0.199004149790645
0.1,-0.15,0.870130338791338,0.870130338791338,0.870130338791338,0.870130338791338,0,0,1.11022302462516e-16,0.00432947299047193,-0.149253112342984
0.1,-0.1,0.909502603799274,0.909502603799274,0.909502603799274,0.909502603799274,0,1.11022302462516e-16,2.22044604925031e-16,0.00452522823366275,-0.0995020748953226
0.1,-0.05,0.952606822310341,0.952606822310341,0.952606822310341,0.952606822310341,0,1.11022302462516e-16,0,0.00473952373214148,-0.0497510374476613
0.1,0,1,1,1,1,0,0,0,0.00497512437810932,0
0.1,0.05,1.05235579243784,1.05235579243784,1.05235579243784,1.05235579243784,0,0,2.22044604925031e-16,0.00523537358967063,0.0497510374476613
0.1,0.1,1.11049672866682,1.11049672866682,1.11049672866682,1.11049672866682,0,0,0,0.00552435297620857,0.0995020748953226
0.1,0.15,1.17543774124644,1.17543774124644,1.17543774124644,1.17543774124644,0,2.22044604925031e-16,0,0.00584709797158434,0.149253112342984
0.1,0.2,1.24844591858826,1.24844591858826,1.24844591858826,1.24844591858826,0,0,2.22044604925031e-16,0.00620989374353687,0.199004149790645
0.1,0.25,1.33112399981019,1.33112399981019,1.33112399981019,1.33112399981019,0,2.22044604925031e-16,2.22044604925031e-16,0.00662068855190845,0.248755187238307
0.1,0.3,1.42552939910598,1.42552939910598,1.42552939910598,1.42552939910598,0,2.22044604925031e-16,2.22044604925031e-16,0.00708968279392708,0.298506224685968
0.1,0.35,1.53434774474623,1.53434774474623,1.53434774474623,1.53434774474623,0,0,2.22044604925031e-16,0.00763018749432276,0.348257262133629
0.1,0.4,1.66115246988365,1.66115246988365,1.66115246988365,1.66115246988365,0,0,6.66133814775094e-16,0.00825990790018327,0.398008299581291
0.1,0.45,1.81080472165887,1.81080472165887,1.81080472165887,1.81080472165887,0,0,2.22044604925031e-16,0.00900291985707091,0.447759337028952
0.1,0.5,1.99009083811116,1.99009083811116,1.99009083811116,1.99009083811116,0,4.44089209850063e-16,0,0.00989281830918065,0.497510374476613
0.1,0.55,2.20878013568558,2.20878013568558,2.20878013568558,2.20878013568558,0,0,2.66453525910038e-15,0.0109779378833852,0.547261411924275
0.1,0.6,2.48146623497793,2.48146623497793,2.48146623497793,2.48146623497793,0,4.44089209850063e-16,4.44089209850063e-16,0.0123304325087941,0.597012449371936
0.1,0.65,2.83096441813558,2.83096441813558,2.83096441813558,2.83096441813558,0,0,1.33226762955019e-15,0.0140630096848757,0.646763486819597
0.1,0.7,3.29505060360988,3.29505060360988,3.29505060360988,3.29505060360987,0,4.44089209850063e-16,2.22044604925031e-15,0.0163620790197121,0.696514524267259
0.1,0.75,3.94112839691261,3.94112839691261,3.94112839691261,3.94112839691261,0,4.44089209850063e-16,4.88498130835069e-15,0.0195597694616332,0.74626556171492
0.1,0.8,4.90235968169308,4.90235968169308,4.90235968169308,4.90235968169307,0,8.88178419700125e-16,7.105427357601e-15,0.0243109012052756,0.796016599162581
0.1,0.85,6.48372350667363,6.48372350667363,6.48372350667363,6.48372350667361,0,0,2.48689957516035e-14,0.0321106034478271,0.845767636610243
0.1,0.9,9.57108833548114,9.57108833548114,9.57108833548115,9.57108833325288,0,1.77635683940025e-15,2.22826379570051e-09,0.0472788116716298,0.895518674057904
0.1,0.95,18.2714183957149,18.2714183957149,18.2714183957149,18.2711953075759,0,2.1316282072803e-14,0.000223088139033933,0.0896002138967482,0.945269711505565
0.25,-0.95,0.520544201480378,0.520544201480378,0.520544201480378,0.520544236069619,0,0,3.45892409159276e-08,0.01581234028164,-0.921066447683204
0.25,-0.9,0.534019935944249,0.534019935944249,0.534019935944249,0.534019935944925,0,1.11022302462516e-16,6.7568173278687e-13,0.01622058319344,-0.872589266226193
0.25,-0.85,0.548211926421471,0.548211926421471,0.548211926421472,0.548211926421472,0,1.11022302462516e-16,2.22044604925031e-16,0.0166504646274516,-0.824112084769182
0.25,-0.8,0.563178837121671,0.563178837121671,0.563178837121671,0.563178837121671,0,0,2.22044604925031e-16,0.0171037517974392,-0.775634903312172
0.25,-0.75,0.578985918510029,0.578985918510029,0.578985918510029,0.57898591851003,0,1.11022302462516e-16,4.44089209850063e-16,0.0175824097380994,-0.727157721855161
0.25,-0.7,0.595705958301524,0.595705958301524,0.595705958301524,0.595705958301525,0,0,6.66133814775094e-16,0.0180886297816683,-0.67868054039815
0.25,-0.65,0.613420402132852,0.613420402132852,0.613420402132852,0.613420402132852,0,1.11022302462516e-16,2.22044604925031e-16,0.0186248630993948,-0.630203358941139
0.25,-0.6,0.63222068031433,0.63222068031433,0.63222068031433,0.632220680314329,0,0,4.44089209850063e-16,0.0191938603909581,-0.581726177484129
0.25,-0.55,0.652209786271605,0.652209786271605,0.652209786271605,0.652209786271605,0,1.11022302462516e-16,0,0.0197987190779293,-0.533248996027118
0.25,-0.5,0.673504164200163,0.673504164200163,0.673504164200163,0.673504164200163,0,0,2.22044604925031e-16,0.0204429397103675,-0.484771814570107
0.25,-0.45,0.696235978987508,0.696235978987508,0.696235978987508,0.696235978987508,0,1.11022302462516e-16,0,0.0211304937554403,-0.436294633113097
0.25,-0.4,0.720555861872682,0.720555861872682,0.720555861872682,0.720555861872682,0,0,2.22044604925031e-16,0.0218659055408041,-0.387817451656086
0.25,-0.35,0.74663625237772,0.74663625237772,0.74663625237772,0.74663625237772,0,1.11022302462516e-16,2.22044604925031e-16,0.022654351925231,-0.339340270199075
0.25,-0.3,0.774675493258152,0.774675493258152,0.774675493258152,0.774675493258152,0,1.11022302462516e-16,0,0.0235017843379639,-0.290863088742064
0.25,-0.25,0.804902884149151,0.804902884149151,0.804902884149152,0.804902884149152,0,1.11022302462516e-16,1.11022302462516e-16,0.0244150792711026,-0.242385907285054
0.25,-0.2,0.837584966393845,0.837584966393845,0.837584966393845,0.837584966393846,0,1.11022302462516e-16,2.22044604925031e-16,0.0254022252770941,-0.193908725828043
0.25,-0.15,0.873033403798138,0.873033403798138,0.873033403798138,0.873033403798138,0,0,1.11022302462516e-16,0.0264725572372912,-0.145431544371032
0.25,-0.1,0.911614953008195,0.911614953008195,0.911614953008195,0.911614953008195,0,0,1.11022302462516e-16,0.0276370524557087,-0.0969543629140214
0.25,-0.05,0.953764199818212,0.953764199818212,0.953764199818212,0.953764199818212,0,2.22044604925031e-16,2.22044604925031e-16,0.0289087084887321,-0.0484771814570107
0.25,0,1,1,1,1,0,0,0,0.0303030303030303,0
0.25,0.05,1.05094694579289,1.05094694579289,1.05094694579289,1.05094694579289,0,0,0,0.0318386655381162,0.0484771814570107
0.25,0.1,1.107363746562,1.107363746562,1.107363746562,1.107363746562,0,0,2.22044604925031e-16,0.0335382432062983,0.0969543629140214
0.25,0.15,1.17018126916935,1.17018126916935,1.17018126916935,1.17018126916935,0,0,0,0.0354294961197081,0.145431544371032
0.25,0.2,1.24055430450755,1.24055430450755,1.24055430450755,1.24055430450755,0,0,2.22044604925031e-16,0.0375467857105611,0.193908725828043
0.25,0.25,1.3199332082333,1.3199332082333,1.3199332082333,1.3199332082333,0,2.22044604925031e-16,2.22044604925031e-16,0.0399332082333002,0.242385907285054
0.25,0.3,1.41016492601704,1.41016492601704,1.41016492601704,1.41016492601704,0,2.22044604925031e-16,4.44089209850063e-16,0.0426435584956739,0.290863088742064
0.25,0.35,1.51363849632749,1.51363849632749,1.51363849632749,1.51363849632749,0,0,2.22044604925031e-16,0.0457485880706128,0.339340270199075
0.25,0.4,1.63349968519229,1.63349968519229,1.63349968519229,1.63349968519229,0,0,4.44089209850063e-16,0.0493412693507096,0.387817451656086
0.25,0.45,1.77397636911382,1.77397636911382,1.77397636911382,1.77397636911382,0,2.22044604925031e-16,2.22044604925031e-16,0.0535462615869335,0.436294633113097
0.25,0.5,1.94088760723683,1.94088760723683,1.94088760723683,1.94088760723683,0,4.44089209850063e-16,8.88178419700125e-16,0.0585346660603629,0.484771814570107
0.25,0.55,2.14246994969099,2.14246994969099,2.14246994969099,2.14246994969099,0,0,4.44089209850063e-16,0.0645478717689127,0.533248996027118
0.25,0.6,2.39077835181057,2.39077835181057,2.39077835181057,2.39077835181057,0,0,8.88178419700125e-16,0.0719377721004211,0.581726177484129
0.25,0.65,2.70418897569389,2.70418897569389,2.70418897569389,2.70418897569389,0,4.44089209850063e-16,1.33226762955019e-15,0.0812381560217559,0.630203358941139
0.25,0.7,3.11216756445162,3.11216756445162,3.11216756445162,3.11216756445162,0,0,0,0.0932996399233192,0.67868054039815
0.25,0.75,3.6651211344495,3.6651211344495,3.6651211344495,3.6651211344495,0,0,2.66453525910038e-15,0.10956557889395,0.727157721855161
0.25,0.8,4.45702123352705,4.45702123352705,4.45702123352705,4.45702123352704,0,8.88178419700125e-16,5.32907051820075e-15,0.132696909202724,0.775634903312172
0.25,0.85,5.68543892676026,5.68543892676026,5.68543892676026,5.68543892676026,0,2.66453525910038e-15,8.88178419700125e-16,0.168197547449919,0.824112084769182
0.25,0.9,7.84863229635979,7.84863229635979,7.84863229635979,7.84863229634984,0,8.88178419700125e-16,9.9413810517035e-12,0.229584677312172,0.872589266226193
0.25,0.95,12.6688837718407,12.6688837718407,12.6688837718407,12.6688829300158,0,3.5527136788005e-15,8.41824896014032e-07,0.361191464148421,0.921066447683204
0.5,-0.95,0.54274733955511,0.54274733955511,0.54274733955511,0.542747339555111,0,0,1.11022302462516e-15,0.0608196287117366,-0.84247793977157
0.5,-0.9,0.556131152666318,0.556131152666318,0.556131152666318,0.556131152666318,0,0,2.22044604925031e-16,0.0623039921724911,-0.798136995573066
0.5,-0.85,0.570191727376872,0.570191727376872,0.570191727376872,0.570191727376873,0,1.11022302462516e-16,4.44089209850063e-16,0.0638626134528217,-0.753796051374563
0.5,-0.8,0.584981726517495,0.584981726517495,0.584981726517495,0.584981726517494,0,1.11022302462516e-16,2.22044604925031e-16,0.0655012070369752,-0.709455107176059
0.5,-0.75,0.600559422431313,0.600559422431313,0.600559422431313,0.600559422431313,0,0,3.33066907387547e-16,0.0672260890979798,-0.665114162977555
0.5,-0.7,0.616989464296129,0.616989464296129,0.616989464296129,0.616989464296129,0,0,0,0.0690442588166771,-0.620773218779052
0.5,-0.65,0.634343774943378,0.634343774943378,0.634343774943378,0.634343774943377,0,0,2.22044604925031e-16,0.0709634932532367,-0.576432274580548
0.5,-0.6,0.652702603408531,0.652702603408531,0.652702603408531,0.65270260340853,0,1.11022302462516e-16,4.44089209850063e-16,0.0729924584809946,-0.532091330382044
0.5,-0.55,0.672155765702911,0.672155765702911,0.672155765702911,0.672155765702911,0,0,0,0.0751408403297771,-0.487750386183541
0.5,-0.5,0.692804114281502,0.692804114281502,0.692804114281502,0.692804114281501,0,0,1.11022302462516e-16,0.0774194988968862,-0.443409441985037
0.5,-0.45,0.714761286943492,0.714761286943492,0.714761286943492,0.714761286943492,0,1.11022302462516e-16,1.11022302462516e-16,0.0798406520228567,-0.399068497786533
0.5,-0.4,0.738155799187427,0.738155799187427,0.738155799187427,0.738155799187427,0,0,1.11022302462516e-16,0.0824180942693943,-0.35472755358803
0.5,-0.35,0.763133561373825,0.763133561373825,0.763133561373825,0.763133561373824,0,1.11022302462516e-16,3.33066907387547e-16,0.0851674596789096,-0.310386609389526
0.5,-0.3,0.789860924842011,0.789860924842011,0.789860924842011,0.789860924842011,0,1.11022302462516e-16,1.11022302462516e-16,0.0881065388770989,-0.266045665191022
0.5,-0.25,0.818528391367429,0.818528391367429,0.818528391367429,0.818528391367429,0,0,1.11022302462516e-16,0.0912556640947019,-0.221704720992518
0.5,-0.2,0.849355160834844,0.849355160834844,0.849355160834844,0.849355160834844,0,0,0,0.0946381797027687,-0.177363776794015
0.5,-0.15,0.882594746752998,0.882594746752998,0.882594746752998,0.882594746752998,0,1.11022302462516e-16,0,0.0982810212628022,-0.133022832595511
0.5,-0.1,0.918541964055649,0.918541964055649,0.918541964055649,0.918541964055649,0,1.11022302462516e-16,1.11022302462516e-16,0.102215433443404,-0.0886818883970074
0.5,-0.05,0.957541697043647,0.957541697043647,0.957541697043647,0.957541697043647,0,0,1.11022302462516e-16,0.106477867256413,-0.0443409441985037
0.5,0,1,1,1,1,0,0,0,0.111111111111111,0
0.5,0.05,1.04639828810215,1.04639828810215,1.04639828810215,1.04639828810215,0,2.22044604925031e-16,4.44089209850063e-16,0.116165729962612,0.0443409441985037
0.5,0.1,1.0973116711584,1.0973116711584,1.0973116711584,1.0973116711584,0,0,2.22044604925031e-16,0.121701915060842,0.0886818883970074
0.5,0.15,1.15343291334159,1.15343291334159,1.15343291334159,1.15343291334159,0,2.22044604925031e-16,2.22044604925031e-16,0.127791887700565,0.133022832595511
0.5,0.2,1.21560414164938,1.21560414164938,1.21560414164938,1.21560414164938,0,2.22044604925031e-16,0,0.1345230605683,0.177363776794015
0.5,0.25,1.28485939330796,1.28485939330796,1.28485939330796,1.28485939330796,0,0,0,0.142002250450814,0.221704720992518
0.5,0.3,1.36248258586859,1.36248258586859,1.36248258586859,1.36248258586859,0,2.22044604925031e-16,4.44089209850063e-16,0.150361373747382,0.266045665191022
0.5,0.35,1.45008785156384,1.45008785156384,1.45008785156384,1.45008785156384,0,2.22044604925031e-16,2.22044604925031e-16,0.159765270918682,0.310386609389526
0.5,0.4,1.54973299349831,1.54973299349831,1.54973299349831,1.54973299349831,0,4.44089209850063e-16,2.22044604925031e-16,0.170422648670723,0.35472755358803
0.5,0.45,1.66408317140407,1.66408317140407,1.66408317140407,1.66408317140407,0,2.22044604925031e-16,2.22044604925031e-16,0.182601689922592,0.399068497786533
0.5,0.5,1.79665282782809,1.79665282782809,1.79665282782809,1.79665282782809,0,0,6.66133814775094e-16,0.196652827828094,0.443409441985037
0.5,0.55,1.95217326285443,1.95217326285443,1.95217326285443,1.95217326285443,0,0,2.22044604925031e-16,0.213042828071823,0.487750386183541
0.5,0.6,2.13716920615404,2.13716920615404,2.13716920615404,2.13716920615404,0,0,1.33226762955019e-15,0.232407301392137,0.532091330382044
0.5,0.65,2.36089753771895,2.36089753771895,2.36089753771895,2.36089753771895,0,0,4.44089209850063e-16,0.255634379824213,0.576432274580548
0.5,0.7,2.63694456594133,2.63694456594133,2.63694456594133,2.63694456594133,0,4.44089209850063e-16,8.88178419700125e-16,0.284003389470739,0.620773218779052
0.5,0.75,2.98609224233325,2.98609224233325,2.98609224233325,2.98609224233325,0,4.44089209850063e-16,8.88178419700125e-16,0.319425575666587,0.665114162977555
0.5,0.8,3.44180890698348,3.44180890698348,3.44180890698348,3.44180890698348,0,8.88178419700125e-16,2.66453525910038e-15,0.364885830060403,0.709455107176059
0.5,0.85,4.06167328177726,4.06167328177726,4.06167328177726,4.06167328177726,0,8.88178419700125e-16,1.77635683940025e-15,0.425309645413627,0.753796051374563
0.5,0.9,4.95385473350547,4.95385473350547,4.95385473350547,4.95385473350547,0,0,1.77635683940025e-15,0.509410289061027,0.798136995573066
0.5,0.95,6.34831717252717,6.34831717252717,6.34831717252717,6.34831717252717,0,8.88178419700125e-16,3.5527136788005e-15,0.634031458241458,0.84247793977157
1,-0.95,0.618945337453795,0.618945337453795,0.618945337453795,0.618945337453795,0,0,1.11022302462516e-16,0.210782072147673,-0.615651559980691
1,-0.9,0.631612650366711,0.631612650366711,0.631612650366711,0.631612650366711,0,1.11022302462516e-16,1.11022302462516e-16,0.214945983700045,-0.583248846297497
1,-0.85,0.644809294081466,0.644809294081466,0.644809294081466,0.644809294081466,0,0,1.11022302462516e-16,0.219277379187849,-0.550846132614303
1,-0.8,0.658569155447319,0.658569155447319,0.658569155447319,0.658569155447319,0,1.11022302462516e-16,2.22044604925031e-16,0.223786546751667,-0.518443418931108
1,-0.75,0.672929076887683,0.672929076887683,0.672929076887683,0.672929076887682,0,1.11022302462516e-16,4.44089209850063e-16,0.228484632443238,-0.486040705247914
1,-0.7,0.687929185810274,0.687929185810274,0.687929185810274,0.687929185810274,0,1.11022302462516e-16,1.11022302462516e-16,0.23338373126482,-0.45363799156472
1,-0.65,0.703613269078563,0.703613269078563,0.703613269078563,0.703613269078563,0,0,0,0.238496990008795,-0.421235277881525
1,-0.6,0.720029199903751,0.720029199903751,0.720029199903751,0.720029199903751,0,0,0,0.243838723713275,-0.388832564198331
1,-0.55,0.73722942592293,0.73722942592293,0.73722942592293,0.73722942592293,0,0,0,0.249424547874149,-0.356429850515137
1,-0.5,0.755271528945202,0.755271528945202,0.755271528945202,0.755271528945202,0,0,3.33066907387547e-16,0.255271528945202,-0.324027136831943
1,-0.45,0.774218868951223,0.774218868951223,0.774218868951223,0.774218868951223,0,0,1.11022302462516e-16,0.26139835613071,-0.291624423148748
1,-0.4,0.794141327522399,0.794141327522399,0.794141327522399,0.794141327522399,0,1.11022302462516e-16,2.22044604925031e-16,0.267825538048715,-0.259221709465554
1,-0.35,0.815116169082698,0.815116169082698,0.815116169082698,0.815116169082698,0,0,2.22044604925031e-16,0.274575628542158,-0.22681899578236
1,-0.3,0.83722904232561,0.83722904232561,0.83722904232561,0.83722904232561,0,0,3.33066907387547e-16,0.281673486770054,-0.194416282099166
1,-0.25,0.860575149189674,0.860575149189674,0.860575149189674,0.860575149189674,0,0,2.22044604925031e-16,0.289146577761103,-0.162013568415971
1,-0.2,0.885260615025306,0.885260615025306,0.885260615025306,0.885260615025306,0,0,1.11022302462516e-16,0.297025320907659,-0.129610854732777
1,-0.15,0.911404101543948,0.911404101543948,0.911404101543948,0.911404101543948,0,1.11022302462516e-16,1.11022302462516e-16,0.305343495483342,-0.0972081410495828
1,-0.1,0.939138714265691,0.939138714265691,0.939138714265691,0.939138714265691,0,1.11022302462516e-16,1.11022302462516e-16,0.314138714265691,-0.0648054273663885
1,-0.05,0.968614269166734,0.968614269166734,0.968614269166734,0.968614269166734,0,1.11022302462516e-16,1.11022302462516e-16,0.323452978844153,-0.0324027136831943
1,0,1,1,1,1,0,0,0,0.333333333333333,0
1,0.05,1.03348780958919,1.03348780958919,1.03348780958919,1.03348780958919,0,0,2.22044604925031e-16,0.343832637175397,0.0324027136831943
1,0.1,1.06929619702977,1.06929619702977,1.06929619702977,1.06929619702977,0,2.22044604925031e-16,4.44089209850063e-16,0.355010482744054,0.0648054273663885
1,0.15,1.10767503061292,1.10767503061292,1.10767503061292,1.10767503061292,0,2.22044604925031e-16,0,0.366934289872181,0.0972081410495828
1,0.2,1.14891138686361,1.14891138686361,1.14891138686361,1.14891138686361,0,0,2.22044604925031e-16,0.379680617632844,0.129610854732777
1,0.25,1.19333674425936,1.19333674425936,1.19333674425936,1.19333674425936,0,0,0,0.393336744259356,0.162013568415971
1,0.3,1.24133591305168,1.24133591305168,1.24133591305168,1.24133591305168,0,0,2.22044604925031e-16,0.408002579718348,0.194416282099166
1,0.35,1.29335821049027,1.29335821049027,1.29335821049027,1.29335821049027,0,2.22044604925031e-16,2.22044604925031e-16,0.42379299309897,0.22681899578236
1,0.4,1.34993156896989,1.34993156896989,1.34993156896989,1.34993156896989,0,0,4.44089209850063e-16,0.440840659878984,0.259221709465554
1,0.45,1.4116805162101,1.4116805162101,1.4116805162101,1.4116805162101,0,2.22044604925031e-16,0,0.459299563829145,0.291624423148748
1,0.5,1.47934932670719,1.47934932670719,1.47934932670719,1.47934932670719,0,0,4.44089209850063e-16,0.479349326707194,0.324027136831943
1,0.55,1.55383216701464,1.55383216701464,1.55383216701464,1.55383216701464,0,0,4.44089209850063e-16,0.501200588067271,0.356429850515137
1,0.6,1.6362128304305,1.6362128304305,1.6362128304305,1.6362128304305,0,0,2.22044604925031e-16,0.52510171931939,0.388832564198331
1,0.65,1.7278178191989,1.7278178191989,1.7278178191989,1.7278178191989,0,0,2.22044604925031e-16,0.551347230963606,0.421235277881525
1,0.7,1.83028831536784,1.83028831536784,1.83028831536784,1.83028831536784,0,0,0,0.580288315367842,0.45363799156472
1,0.75,1.94567937618943,1.94567937618943,1.94567937618943,1.94567937618943,0,4.44089209850063e-16,4.44089209850063e-16,0.612346042856101,0.486040705247914
1,0.8,2.07659917715243,2.07659917715243,2.07659917715243,2.07659917715243,0,0,4.44089209850063e-16,0.648027748581006,0.518443418931108
1,0.85,2.22640852637094,2.22640852637094,2.22640852637094,2.22640852637094,0,0,0,0.687946987909403,0.550846132614303
1,0.9,2.39951345333011,2.39951345333011,2.39951345333011,2.39951345333011,0,0,4.44089209850063e-16,0.732846786663441,0.583248846297497
1,0.95,2.60180579879487,2.60180579879487,2.60180579879487,2.60180579879487,0,4.44089209850063e-16,2.66453525910038e-15,0.783623980613052,0.615651559980691
1.5,-0.95,0.712331263930739,0.712331263930739,0.712331263930739,0.712331263930739,0,1.11022302462516e-16,1.11022302462516e-16,0.387128011898218,-0.403841233195166
1.5,-0.9,0.723282087292474,0.723282087292474,0.723282087292474,0.723282087292474,0,0,2.22044604925031e-16,0.39270357489578,-0.382586431448052
1.5,-0.85,0.734574866389965,0.734574866389965,0.734574866389965,0.734574866389965,0,1.11022302462516e-16,3.33066907387547e-16,0.398440412608452,-0.361331629700938
1.5,-0.8,0.746225872382936,0.746225872382936,0.746225872382936,0.746225872382936,0,1.11022302462516e-16,0,0.404345530502594,-0.340076827953824
1.5,-0.75,0.758252425368017,0.758252425368017,0.758252425368017,0.758252425368016,0,1.11022302462516e-16,1.11022302462516e-16,0.410426338411495,-0.31882202620671
1.5,-0.7,0.770672980289306,0.770672980289306,0.770672980289306,0.770672980289306,0,0,2.22044604925031e-16,0.41669067940435,-0.297567224459596
1.5,-0.65,0.783507221433096,0.783507221433096,0.783507221433096,0.783507221433096,0,0,0,0.423146861072736,-0.276312422712482
1.5,-0.6,0.796776166524384,0.796776166524384,0.796776166524384,0.796776166524384,0,0,1.11022302462516e-16,0.429803689460164,-0.255057620965368
1.5,-0.55,0.810502281583055,0.810502281583055,0.810502281583055,0.810502281583054,0,0,2.22044604925031e-16,0.43667050588212,-0.233802819218254
1.5,-0.5,0.824709607859963,0.824709607859963,0.824709607859963,0.824709607859963,0,0,2.22044604925031e-16,0.443757226907582,-0.21254801747114
1.5,-0.45,0.839423902361632,0.839423902361632,0.839423902361632,0.839423902361632,0,1.11022302462516e-16,0,0.451074387798526,-0.191293215724026
1.5,-0.4,0.854672793691484,0.854672793691484,0.854672793691483,0.854672793691483,0,1.11022302462516e-16,1.11022302462516e-16,0.458633189731087,-0.170038413976912
1.5,-0.35,0.870485955191328,0.870485955191328,0.870485955191328,0.870485955191328,0,1.11022302462516e-16,1.11022302462516e-16,0.466445551150924,-0.148783612229798
1.5,-0.3,0.886895297665973,0.886895297665973,0.886895297665972,0.886895297665972,0,1.11022302462516e-16,3.33066907387547e-16,0.474524163645354,-0.127528810482684
1.5,-0.25,0.903935184324689,0.903935184324689,0.903935184324689,0.903935184324689,0,1.11022302462516e-16,2.22044604925031e-16,0.482882552745741,-0.10627400873557
1.5,-0.2,0.921642670986044,0.921642670986044,0.921642670986044,0.921642670986044,0,1.11022302462516e-16,1.11022302462516e-16,0.491535144104324,-0.0850192069884561
1.5,-0.15,0.940057775079553,0.940057775079553,0.940057775079553,0.940057775079553,0,1.11022302462516e-16,1.11022302462516e-16,0.500497335519113,-0.0637644052413421
1.5,-0.1,0.959223777553946,0.959223777553946,0.959223777553946,0.959223777553946,0,1.11022302462516e-16,1.11022302462516e-16,0.509785575306755,-0.042509603494228
1.5,-0.05,0.979187562486118,0.979187562486118,0.979187562486118,0.979187562486118,0,0,1.11022302462516e-16,0.519417447543589,-0.021254801747114
1.5,0,1,1,1,1,0,0,0,0.529411764705882,0
1.5,0.05,1.02171637907911,1.02171637907911,1.02171637907911,1.02171637907911,0,0,2.22044604925031e-16,0.539788668235732,0.021254801747114
1.5,0.1,1.04439689802567,1.04439689802567,1.04439689802567,1.04439689802567,0,0,0,0.550569737531846,0.042509603494228
1.5,0.15,1.06810722172743,1.06810722172743,1.06810722172743,1.06810722172743,0,0,4.44089209850063e-16,0.561778107803381,0.0637644052413421
1.5,0.2,1.09291911659547,1.09291911659547,1.09291911659547,1.09291911659547,0,0,0,0.573438597114952,0.0850192069884561
1.5,0.25,1.11891117610356,1.11891117610356,1.11891117610356,1.11891117610356,0,0,4.44089209850063e-16,0.585577842770223,0.10627400873557
1.5,0.3,1.14616965237928,1.14616965237928,1.14616965237928,1.14616965237928,0,0,2.22044604925031e-16,0.598224446899829,0.127528810482684
1.5,0.35,1.17478941238378,1.17478941238378,1.17478941238378,1.17478941238378,0,0,0,0.61140913069364,0.148783612229798
1.5,0.4,1.20487504101447,1.20487504101447,1.20487504101447,1.20487504101447,0,2.22044604925031e-16,0,0.625164896086931,0.170038413976912
1.5,0.45,1.23654211816127,1.23654211816127,1.23654211816127,1.23654211816127,0,2.22044604925031e-16,0,0.639527192788133,0.191293215724026
1.5,0.5,1.26991870258368,1.26991870258368,1.26991870258368,1.26991870258368,0,0,2.22044604925031e-16,0.654534087199069,0.21254801747114
1.5,0.55,1.30514706277006,1.30514706277006,1.30514706277006,1.30514706277006,0,0,0,0.67022642784943,0.233802819218254
1.5,0.6,1.34238570410761,1.34238570410761,1.34238570410761,1.34238570410761,0,0,2.22044604925031e-16,0.686647999189574,0.255057620965368
1.5,0.65,1.38181175328191,1.38181175328191,1.38181175328191,1.38181175328191,0,0,2.22044604925031e-16,0.703845651586991,0.276312422712482
1.5,0.7,1.4236237755715,1.4236237755715,1.4236237755715,1.4236237755715,0,2.22044604925031e-16,2.22044604925031e-16,0.721869389606591,0.297567224459596
1.5,0.75,1.46804511959082,1.46804511959082,1.46804511959082,1.46804511959082,0,2.22044604925031e-16,0,0.740772392318089,0.31882202620671
1.5,0.8,1.51532790839784,1.51532790839784,1.51532790839784,1.51532790839784,0,2.22044604925031e-16,0,0.760610927265766,0.340076827953824
1.5,0.85,1.56575782754318,1.56575782754318,1.56575782754318,1.56575782754318,0,2.22044604925031e-16,2.22044604925031e-16,0.781444102052981,0.361331629700938
1.5,0.9,1.61965990210638,1.61965990210638,1.61965990210638,1.61965990210638,0,0,2.22044604925031e-16,0.803333371494138,0.382586431448052
1.5,0.95,1.67740550954168,1.67740550954168,1.67740550954168,1.67740550954168,0,0,0,0.826341679754444,0.403841233195166
